-16.578193;179.414413;44.54530888;44.3054;48.56;51.44;1.779571494
61.92411;25.748151;25.00279142;8.439;16.571;83.429;0.634201339
46.227638;2.213749;28.50666169;9.8048;21.894;78.106;0.824803549
-17.679742;-149.406843;35.24923204;40.151;43.392;56.608;0.730142358
-0.803689;11.609444;67.58512858;118.7334;14.687;85.313;2.750077829
13.443182;-15.310139;90.88615884;115.9086;44.445;55.555;4.62210063
48.019573;66.923684;34.90689651;29.3822;46.092;53.908;2.260391118
-0.023559;37.906193;78.01932283;97.7964;76.817;23.183;4.312097536
-3.370417;-168.734039;60.40119731;24.7964;56.296;43.704;2.268954624
40.339852;127.510093;33.727571;0.6398;39.882;60.118;0.65631251
35.907757;127.766922;23.32109239;1.975;18.165;81.835;0.600290681
29.31166;47.481766;32.59213766;13.1298;1.752;98.248;6.317586051
41.608635;21.745275;26.32924254;20.0338;42.953;57.047;0.03397617
-18.766947;46.869107;81.94498898;129.7012;68.702;31.298;4.841914271
-13.254308;34.301525;91.66166231;149.9368;84.573;15.427;3.663275579
4.210484;101.975766;41.71873262;12.8076;29.925;70.075;2.910607584
31.791702;-7.09262;43.35461042;32.9354;42.825;57.175;2.051678843
-18.665695;35.529562;90.38657888;165.6514;69.255;30.745;3.44279011
21.913965;95.956223;46.22118455;19.0512;69.119;30.881;2.355152075
-22.95764;18.49041;65.9576863;79.776;59.399;40.601;4.221508284
-6.314993;143.95555;67.6437683;59.5164;86.963;13.037;2.182417029
-23.442503;-58.443832;53.9960625;64.7926;41.74;58.26;1.714632183
-9.189967;-75.015152;46.42760607;53.6744;23.448;76.552;1.731893384
12.879721;121.774017;55.83228141;55.2504;54.476;45.524;0.889129005
44.016521;21.005859;25.89946027;21.3862;44.841;55.159;-0.312111173
40.143105;47.576927;32.56132035;50.3442;46.81;53.19;2.452869587
25.03428;-77.39628;33.37582136;37.321;17.505;82.495;1.825385392
25.930414;50.637772;26.64860187;14.3238;11.5;88.5;7.043982804
23.684994;90.356331;51.92945584;90.2942;70.291;29.709;3.634888862
13.193887;-59.543198;29.54378005;47.4834;67.765;32.235;-0.126919112
4.535277;114.727669;36.28061118;22.9974;24.866;75.134;2.157348144
42.733883;25.48583;19.63043353;42.5876;28.037;71.963;-0.169290725
12.238333;-1.561593;90.85275332;123.9538;75.172;24.828;6.479628848
-3.373056;29.918886;82.8898073;32.2192;89.624;10.376;6.037277801
16.002082;-24.013197;53.85757373;81.2426;38.984;61.016;1.943340522
12.565679;104.990963;54.33830601;47.7132;80.334;19.666;2.179256619
7.369722;12.354722;82.12012817;124.7682;49.072;50.928;3.710485976
56.130366;-106.346771;23.98303832;12.8976;19.242;80.758;1.367975607
6.611111;20.939444;73.91482993;103.3074;61.36;38.64;2.317603409
15.454166;18.732207;100.5910418;169.9334;78.066;21.934;3.424974225
49.4491198;-2.342035064;22.51424488;9.1744;69.008;30.992;0.851920941
-35.675147;-71.542969;32.61799356;51.339;11.625;88.375;1.348660008
35.86166;104.195397;23.88294765;7.7214;52.12;47.88;3.338102468
4.570868;-74.297333;39.84654932;61.2738;25.251;74.749;1.526954044
-11.875001;43.872219;74.22269228;77.4886;72.118;27.882;2.518402266
-4.038333;21.758664;92.16869614;127.7834;60.563;39.437;4.506309089
-0.228021;15.827659;77.55611938;127.6906;37.214;62.786;3.74390122
9.748917;-83.753428;37.14194445;62.3196;29.427;70.573;3.012533049
7.539989;-5.54708;82.27456444;136.5602;50.2;49.8;3.723746521
45.1;15.2;23.17529985;13.3208;42.713;57.287;0.295554818
21.521757;-77.781167;25.69256228;48.8698;23.495;76.505;0.184107837
12.43031067;-68.99480617;29.74865295;34.6446;9.966;90.034;0.510377368
35.126413;33.429859;25.87145189;6.1204;32.305;67.695;1.030892747
49.817492;15.472962;20.13493818;11.0806;26.676;73.324;0.474306872
56.26392;9.501785;27.73201277;5.2958;13.346;86.654;0.727990766
11.825138;42.590275;56.51579785;25.0738;23.056;76.944;1.341895139
18.735693;-70.162651;51.00957354;105.4702;27.459;72.541;3.082542662
-1.831239;-78.183406;49.47337709;80.7366;37.505;62.495;1.985293716
26.820553;30.802498;50.5494148;51.086;56.961;43.039;1.795500595
13.794185;-88.89653;50.68496622;72.7786;36.227;63.773;1.105855727
1.650801;10.267895;71.03809319;119.443;60.877;39.123;3.22464634
15.179384;39.782334;75.96144085;70.0514;79.794;20.206;3.800801119
58.595272;25.013607;22.18774244;19.9902;31.777;68.223;-0.380188579
9.145;40.489673;86.7136078;76.9966;83.09;16.91;5.033871036
12.262776;-61.604171;43.02564786;39.588;64.272;35.728;0.220293993
13.444304;144.793731;42.90158755;48.3344;5.992;94.008;0.294163291
15.783471;-90.230759;70.70550158;89.5362;51.116;48.884;3.076915357
9.945587;-9.696645;81.56875268;151.5766;65.574;34.426;3.958839146
11.803749;-15.180413;75.68178798;113.043;55.658;44.342;4.241403575
4.860416;-58.93018;56.09484858;92.484;71.779;28.221;0.364567852
20.593684;78.96288;49.17863109;38.929;69.413;30.587;2.540489167
-0.789275;113.921327;43.78095924;51.505;50.876;49.124;2.946103892
32.427908;53.688046;33.12018516;30.0922;29.955;70.045;1.993432042
33.223191;43.679291;76.4718784;80.003;31.02;68.98;2.807467813
53.41291;-8.24389;30.0711992;14.6068;38.431;61.569;1.456778593
41.20438;74.766098;45.80279311;34.4926;64.716;35.284;1.20446979
19.85627;102.495496;64.13279422;71.276;68.015;31.985;5.414742085
56.879635;24.603189;20.86389309;17.0394;32.236;67.764;-1.754269189
33.854721;35.862285;36.13608118;12.925;12.938;87.062;1.883276452
3.202778;73.22068;44.65938076;12.307;61.219;38.781;2.663882234
17.570692;-3.996166;93.82217884;178.4302;64.8;35.2;5.549139515
35.937496;14.375416;24.38706368;18.1282;5.514;94.486;0.956234559
21.00789;-10.940835;73.97784772;85.4772;44;56;3.779140007
-20.348404;57.552152;32.03821947;32.5844;59.213;40.787;-0.24302732
28.394857;84.124008;65.77947735;86.3008;83.517;16.483;3.051893262
52.132633;5.291266;26.09988792;4.9756;13.758;86.242;1.493063212
-20.904305;165.618042;36.08175455;20.5458;33.376;66.624;2.501495909
-40.900557;174.885971;31.1118273;28.1842;13.852;86.148;1.020621504
12.865416;-85.207229;53.84281549;99.936;43.026;56.974;1.760339002
17.607789;8.081666;104.6755754;211.309;82.634;17.366;4.865569512
51.919438;19.145136;21.14182659;15.4534;38.996;61.004;-0.115663064
39.399872;-8.224454;22.77976475;14.522;40.036;59.964;1.109404215
18.220833;-66.590149;31.40567839;48.9276;6.116;93.884;-0.607155064
-4.679574;55.491977;33.30538016;59.955;47.959;52.041;0.906564383
8.460555;-11.779889;81.27827806;136.9182;62.063;37.937;3.017471946
1.352083;103.819836;24.22991991;5.1402;0;100;3.016408604
48.669026;19.699024;21.32327005;20.9358;45.04;54.96;-0.141099023
3.919305;-56.027783;44.35380172;49.9926;33.588;66.412;1.049925696
-26.522503;31.465866;68.68315235;87.3408;78.426;21.574;1.255593359
60.128161;18.643501;25.35406878;5.7928;15.098;84.902;1.035806601
46.818188;8.227512;22.40610343;4.099;26.375;73.625;1.299760812
34.802075;38.996815;60.35567023;43.6568;44.71;55.29;3.004120123
1.373333;32.290275;101.5689602;140.6172;85.811;14.189;5.453272602
48.379433;31.16558;19.94158752;29.4278;31.498;68.502;-0.185209556
23.424076;53.847818;16.33976394;28.9732;16.277;83.723;11.45236368
55.378051;-3.435973;26.86264188;22.6162;18.969;81.031;1.095105268
37.09024;-95.712891;29.58206447;35.8106;19.394;80.606;1.085290294
33.93911;67.709953;95.56224467;105.5516;75.687;24.313;4.046627059
41.153332;20.168331;33.09864661;19.4792;48.924;51.076;1.473287913
28.033886;1.659626;40.55964962;10.3846;33.178;66.822;2.77362485
-11.202692;17.873887;97.63799739;183.42;60.701;39.299;5.389860255
17.060816;-61.796428;40.43034909;53.001;73.181;26.819;-1.057255851
-38.416097;-63.616672;40.95214027;61.942;9.205;90.795;1.217530867
40.069099;45.038189;30.10481614;27.0578;36.211;63.789;-0.625821989
12.52111;-69.968338;30.22844846;30.6606;56.579;43.421;-0.757862168
-25.274398;133.775136;28.29934251;16.4708;11.41;88.59;2.224854107
47.516231;14.550072;22.10809851;10.1016;34.153;65.847;0.271070844
53.709807;27.953389;20.85410642;21.8122;25.828;74.172;0.382477345
50.503887;4.469936;25.44026465;9.838;2.406;97.594;0.853793945
17.189877;-88.49765;60.60255171;73.601;54.768;45.232;1.910453657
9.30769;2.315834;81.81456866;99.1486;58.539;41.461;3.865011914
27.514162;90.433601;47.68397782;40.6;65.99;34.01;4.132700363
-16.290154;-63.588653;59.46439734;78.1542;34.009;65.991;2.31201327
43.915886;17.679076;20.82421921;13.8794;60.817;39.183;0.003657617
-22.328474;24.684866;53.06388733;45.1106;43.996;56.004;2.394835101
-14.235004;-51.92528;38.14104709;69.9066;15.956;84.044;1.338474956
42.315407;43.356892;24.83325596;49.1472;47.277;52.723;0.80232977
51.165691;10.451526;20.69621971;9.073;25.907;74.093;0.014205771
7.946527;-1.023194;68.70661186;70.682;49.969;50.031;3.919361627
39.074208;21.824312;21.98743162;10.4134;24.068;75.932;0.486301805
18.971187;-72.285215;61.29765006;44.3694;49.477;50.523;4.613306433
15.199999;-86.241905;62.15811843;77.8128;48.93;51.07;2.933898303
22.396428;114.109497;16.2121702;3.2462;0;100;0.215353334
47.162494;19.503304;21.47837115;19.433;31.634;68.366;0.573246962
64.963051;-19.020835;31.60229866;11.8336;6.489;93.511;0.465437225
31.046051;34.851612;43.81559988;13.0032;8.237;91.763;2.456699832
41.87194;12.56738;21.38654107;6.696;31.791;68.209;0.627292741
18.109581;-77.297508;43.70600963;69.7196;46.443;53.557;0.701024635
36.204824;138.252924;20.80834629;4.8886;10.257;89.743;0.921170412
30.585164;36.238414;62.04431731;27.202;17.78;82.22;2.516875431
-29.609988;28.233608;66.11732782;92.3732;75.741;24.259;2.939091879
6.428055;-9.429499;81.2772532;132.1454;52.559;47.441;4.716155721
26.3351;17.228331;43.21260367;6.52;22.521;77.479;1.589495747
55.169438;23.881275;22.24358043;16.9576;33.158;66.842;-1.119315072
49.815273;6.129583;26.13788122;8.5724;11.822;88.178;2.281283765
22.198745;113.543873;16.91533758;3.4684;0;100;2.747579949
23.634501;-102.552784;47.7964237;69.0924;22.473;77.527;1.97781012
7.425554;150.550812;63.35882853;22.678;77.695;22.305;-0.516152378
47.411631;28.369885;22.91702801;26.5592;55.064;44.936;-0.292972155
46.862496;103.846656;39.11625997;19.0312;33.42;66.58;3.01796596
42.708678;19.37439;29.59520809;16.5622;37.082;62.918;0.499422503
9.081999;8.675277;82.25948351;120.7256;57.412;42.588;4.773842544
60.472024;8.468946;28.6820912;7.7914;21.185;78.815;1.628476397
21.512583;55.923255;39.44588474;12.4122;25.376;74.624;4.787774904
30.375321;69.345116;61.85457304;41.2992;63.799;36.201;3.146832506
8.537981;-80.782127;45.19557154;80.5754;35.172;64.828;2.165920656
-1.940278;29.873888;77.43510783;36.2076;77.012;22.988;7.017299165
-13.759029;-172.104629;68.21485416;30.3048;79.7;20.3;-0.412547329
0.18636;6.613081;81.94425576;91.2374;38.815;61.185;3.412438516
23.885942;45.079162;46.50465917;11.5746;18.133;81.867;2.728890193
14.497401;-14.452362;82.16040845;92.2326;58.023;41.977;3.403156775
7.873054;80.771797;37.84900351;20.4842;81.667;18.333;0.937108195
13.909444;-60.978893;39.06964284;59.366;80.787;19.213;-3.250227645
12.984305;-61.287228;40.64986737;57.16;51.572;48.428;0.821737855
12.862807;30.217636;77.65604643;97.5566;67.01;32.99;2.586752919
-21.178986;-175.198242;66.55993699;18.0318;76.665;23.335;0.811338158
10.691803;-61.222503;29.22812671;36.7748;90.751;9.249;-1.230161822
33.886917;9.537499;34.1995683;6.3378;34.233;65.767;1.318772222
38.963745;35.243322;41.28968002;36.456;29.859;70.141;2.123998005
38.969719;59.556278;44.98484641;19.7316;51.891;48.109;1.831239343
18.335765;-64.896335;31.61058033;48.8832;5.581;94.419;-0.167598082
15.552727;48.516388;78.99662608;72.9792;68.835;31.165;4.612842604
-13.133897;27.849332;92.49694562;114.5406;61.701;38.299;4.067887597
-19.015438;29.154857;75.05142162;115.8354;66.622;33.378;1.113585297
25.354826;51.183884;16.73885966;13.8024;1.53;98.47;13.80253929
45.943161;24.96676;22.99300238;38.3558;46.302;53.698;-0.588839832
61.52401;105.318756;20.46893974;28.3446;26.358;73.642;0.089880624
46.151241;14.995463;19.89961765;4.7582;49.867;50.133;0.722472671
-9.64571;160.156194;73.07049458;59.0326;80.411;19.589;4.560052829
5.152149;46.199616;97.00787651;120.4416;63.177;36.823;3.597575097
-30.559482;22.937506;49.09508994;55.8408;38.313;61.687;2.299354309
7.241899303;31.26596797;82.2103702;90.2312;82.301;17.699;5.220635529
40.463667;-3.74922;21.25882048;10.8874;21.79;78.21;1.185377902
38.861034;71.276093;59.25190771;41.21;73.5;26.5;2.257806803
-6.369028;34.888822;86.98395303;127.3458;72.561;27.439;5.610138006
15.870032;100.992541;27.48963061;43.3428;57.256;42.744;3.291678304
-8.874217;125.727539;78.12575045;60.3674;71.15;28.85;3.974403706
8.619543;0.824782;79.00111063;92.3388;62.942;37.058;3.997915315
-32.522779;-55.765835;35.90985982;59.9394;5.791;94.209;0.579607713
41.377491;64.585262;44.82051712;18.1048;63.765;36.235;1.494335425
-15.376706;166.959158;66.49692133;46.5348;75.714;24.286;3.635442807
6.42375;-66.58973;46.50303154;81.8916;11.272;88.728;1.605628392
14.058324;108.277199;34.87895781;32.902;70.242;29.758;3.198930825
-38.416097;-63.616672;40.60062418;62.62;9.034;90.966;1.2226131
40.069099;45.038189;29.75886878;26.5732;36.42;63.58;-0.416287481
23.684994;90.356331;50.84600624;88.6528;69.538;30.462;3.637877567
13.193887;-59.543198;29.46177286;47.2896;67.94;32.06;-0.150507573
9.30769;2.315834;80.86040873;96.1724;58.146;41.854;3.810854216
-11.202692;17.873887;97.28541326;180.928;59.903;40.097;5.363941064
17.060816;-61.796428;39.42866004;51.755;73.761;26.239;-1.112232867
40.143105;47.576927;31.87100639;51.4608;46.599;53.401;1.585688139
25.03428;-77.39628;31.95813486;36.274;17.451;82.549;1.756409688
25.930414;50.637772;25.1813103;14.1442;11.465;88.535;5.292398803
12.238333;-1.561593;90.42230425;121.1052;74.335;25.665;6.343387231
-3.373056;29.918886;82.32205648;31.5648;89.359;10.641;5.999054619
6.611111;20.939444;72.92616602;101.6496;61.172;38.828;2.381286162
15.454166;18.732207;99.75206237;163.9606;78.017;21.983;3.520274961
49.4491198;-2.342035064;22.1797671;8.8056;68.946;31.054;0.810426463
7.539989;-5.54708;81.79380706;136.0868;49.443;50.557;3.753011884
45.1;15.2;23.11499538;12.6922;42.463;57.537;0.180069726
18.735693;-70.162651;50.29755347;103.8548;26.248;73.752;2.980233734
-1.831239;-78.183406;48.65254706;79.5994;37.31;62.69;1.954603377
13.794185;-88.89653;49.14006525;70.7974;35.714;64.286;1.082090988
1.650801;10.267895;70.23716338;117.739;60.777;39.223;3.257992399
15.179384;39.782334;76.5194607;67.0376;79.428;20.572;3.865915486
-17.679742;-149.406843;34.1825834;39.496;43.521;56.479;0.766470183
-0.803689;11.609444;66.7837887;116.2276;14.303;85.697;2.712497432
13.443182;-15.310139;90.71863102;115.8804;43.703;56.297;4.574635664
11.803749;-15.180413;74.95742242;108.395;54.779;45.221;4.275919896
4.860416;-58.93018;54.70461867;91.689;71.761;28.239;0.411200478
22.396428;114.109497;16.07435518;3.3358;0;100;0.734446396
47.162494;19.503304;21.33625196;19.363;31.141;68.859;0.492518066
64.963051;-19.020835;31.25437455;10.6004;6.376;93.624;-0.023170107
31.046051;34.851612;43.70201443;12.5248;8.176;91.824;1.893201155
41.87194;12.56738;21.39444941;6.591;31.673;68.327;0.480438951
-3.370417;-168.734039;59.6999758;23.5756;56.227;43.773;2.207485878
40.339852;127.510093;33.06180702;0.6392;39.79;60.21;0.679599741
35.907757;127.766922;22.34737104;1.916;18.064;81.936;0.586517743
6.428055;-9.429499;80.90155145;127.2386;52.199;47.801;4.265358631
26.3351;17.228331;43.10291095;6.455;22.358;77.642;1.124304948
55.169438;23.881275;21.79949762;15.9764;33.243;66.757;-2.224153089
17.570692;-3.996166;93.80483369;178.5698;64.004;35.996;5.402484027
35.937496;14.375416;24.10466207;18.0078;5.335;94.665;0.680454777
21.913965;95.956223;45.70233584;18.5808;68.595;31.405;2.387314617
-22.95764;18.49041;65.14783471;79.776;58.384;41.616;4.36921402
9.081999;8.675277;82.34056044;119.5004;56.52;43.48;4.753986988
21.512583;55.923255;37.46030343;11.8208;24.839;75.161;7.087239894
-23.442503;-58.443832;52.77929672;63.2754;41.513;58.487;1.71863512
25.354826;51.183884;15.79263455;13.0986;1.345;98.655;10.58609629
45.943161;24.96676;23.17189031;38.0012;46.171;53.829;-0.350299532
-13.759029;-172.104629;67.53644633;29.6202;79.922;20.078;-0.382123519
8.460555;-11.779889;80.58137419;133.0578;61.759;38.241;3.051713681
-9.64571;160.156194;72.744463;57.2384;79.952;20.048;4.508193365
13.909444;-60.978893;38.10690347;58.347;81.55;18.45;-2.801810025
60.128161;18.643501;25.28307076;5.6832;14.944;85.056;1.033750395
15.870032;100.992541;26.69514531;43.7942;55.92;44.08;3.293624904
10.691803;-61.222503;29.19392289;36.1182;90.908;9.092;-1.22394907
48.379433;31.16558;19.79792451;28.9362;31.314;68.686;-0.129041421
-32.522779;-55.765835;35.41165855;59.2876;5.586;94.414;0.563273775
41.377491;64.585262;43.87943913;18.1542;63.809;36.191;2.701348437
18.335765;-64.896335;31.51124941;48.3498;5.406;94.594;-0.228544273
15.552727;48.516388;77.02732788;70.4028;68.268;31.732;4.5434385
33.93911;67.709953;94.92162974;99.6324;75.311;24.689;4.271538044
41.153332;20.168331;31.68454254;19.9188;47.837;52.163;1.609373264
28.033886;1.659626;40.42854067;10.7334;32.474;67.526;2.824082452
12.52111;-69.968338;30.20674087;29.2944;56.941;43.059;-0.658444218
-25.274398;133.775136;28.16090559;16.1562;11.267;88.733;1.716778768
47.516231;14.550072;21.81281345;9.5894;34.148;65.852;0.247989069
53.709807;27.953389;20.85214842;21.6808;25.385;74.615;0.416515845
50.503887;4.469936;25.41031489;9.564;2.359;97.641;1.188104653
17.189877;-88.49765;59.00256504;72.317;55.037;44.963;1.821404156
43.915886;17.679076;20.42846696;12.9196;60.774;39.226;0.045143921
-22.328474;24.684866;52.20380619;43.0734;43.765;56.235;2.415092529
16.002082;-24.013197;51.24790491;79.0454;38.167;61.833;2.088838353
12.565679;104.990963;52.9496182;48.0808;80.19;19.81;2.267750344
-35.675147;-71.542969;31.92627452;50.666;11.414;88.586;1.33223887
35.86166;104.195397;23.42631445;7.6546;50.774;49.226;3.255365494
4.570868;-74.297333;38.9579164;60.0682;24.964;75.036;1.482101435
-0.228021;15.827659;77.5368115;126.9464;36.772;63.228;3.577975375
9.748917;-83.753428;36.16515933;61.2344;28.266;71.734;2.893976484
56.26392;9.501785;27.47577283;5.0092;13.205;86.795;0.606766049
11.825138;42.590275;55.11612846;24.4202;23.004;76.996;1.364467037
58.595272;25.013607;22.47207677;18.7038;31.906;68.094;-0.417258644
9.145;40.489673;85.045719;73.7094;82.681;17.319;5.004495451
42.315407;43.356892;24.6151037;48.3428;47.131;52.869;1.221971267
51.165691;10.451526;20.52631425;8.724;25.709;74.291;0.113677274
13.444304;144.793731;42.16102917;48.9316;5.901;94.099;0.611741287
15.783471;-90.230759;69.27670376;87.7028;50.677;49.323;3.050038221
9.945587;-9.696645;80.89505224;149.6754;65.144;34.856;3.971909653
20.593684;78.96288;48.2780567;36.099;69.07;30.93;2.489501446
-0.789275;113.921327;43.64592678;51.505;50.076;49.924;2.926868525
18.109581;-77.297508;42.07401703;67.8484;46.257;53.743;0.698080692
36.204824;138.252924;20.84103085;4.7704;9.478;90.522;0.882248898
30.585164;36.238414;61.58135757;26.802;17.527;82.473;2.497786874
29.31166;47.481766;31.6145137;12.6032;1.737;98.263;6.017342586
41.20438;74.766098;45.72353248;36.8604;64.697;35.303;1.246669049
33.854721;35.862285;34.94481457;13.149;12.817;87.183;3.787991258
-29.609988;28.233608;64.94666359;91.7458;75.247;24.753;3.024296968
-18.766947;46.869107;80.76796039;127.4148;68.071;31.929;4.804765528
-13.254308;34.301525;91.26873796;146.6972;84.46;15.54;3.759530533
21.00789;-10.940835;73.38762663;84.4308;43.318;56.682;3.733360973
-20.348404;57.552152;31.1588015;31.4426;59.421;40.579;-0.273374513
46.862496;103.846656;38.9314798;19.0308;32.433;67.567;3.072594907
42.708678;19.37439;29.33428471;15.4848;36.904;63.096;0.465730237
28.394857;84.124008;64.24994744;82.5352;83.178;16.822;3.09530137
52.132633;5.291266;25.89730536;4.8164;12.939;87.061;1.458095899
-20.904305;165.618042;35.12181719;20.1032;32.727;67.273;2.483264844
30.375321;69.345116;60.90881316;41.1408;63.402;36.598;3.184226987
-6.314993;143.95555;66.86033061;58.6406;86.981;13.019;2.132213608
12.879721;121.774017;54.00403536;55.8326;54.745;45.255;0.920282066
51.919438;19.145136;20.90908086;15.2096;39.108;60.892;-0.469373365
-1.940278;29.873888;77.35287927;34.1014;76.048;23.952;6.756707841
23.885942;45.079162;45.52900666;11.3454;17.916;82.084;2.719448119
14.497401;-14.452362;82.01944479;90.4944;57.77;42.23;3.539182261
44.016521;21.005859;25.49221071;21.1278;44.792;55.208;-0.313212567
1.352083;103.819836;23.54797537;4.7298;0;100;1.770661207
48.669026;19.699024;21.03320636;21.0692;45.315;54.685;-0.408451131
5.152149;46.199616;96.38094061;117.0854;62.741;37.259;3.552129805
-30.559482;22.937506;48.3350965;54.1812;37.782;62.218;2.316981725
40.463667;-3.74922;21.39275745;10.2396;21.558;78.442;0.756607893
7.873054;80.771797;37.81292967;19.5818;81.679;18.321;0.922303215
12.984305;-61.287228;39.70811922;56.276;51.215;48.785;0.79066677
3.919305;-56.027783;43.80066153;49.3544;33.656;66.344;0.98783054
-26.522503;31.465866;67.17749347;87.0192;78.508;21.492;1.277077371
34.802075;38.996815;58.51828849;43.2082;44.323;55.677;1.442200325
38.861034;71.276093;58.10025222;40.632;73.484;26.516;2.284137824
-8.874217;125.727539;75.77204635;57.6466;70.493;29.507;3.957938106
-21.178986;-175.198242;65.99032997;17.5552;76.611;23.389;0.743129504
23.424076;53.847818;15.51841284;28.5238;15.945;84.055;8.183112324
37.09024;-95.712891;29.38010305;33.8814;19.228;80.772;1.041782463
6.42375;-66.58973;45.77464673;81.5604;11.231;88.769;1.565271051
-13.133897;27.849332;92.37612169;110.8044;61.275;38.725;4.093330452
27.514162;90.433601;46.03310732;36.308;65.207;34.793;4.014965463
-16.290154;-63.588653;58.43036814;76.2958;33.574;66.426;2.277677092
-14.235004;-51.92528;37.35745307;69.4194;15.665;84.335;1.313445452
4.535277;114.727669;35.50290999;22.5896;24.49;75.51;2.093606532
42.733883;25.48583;19.84460994;42.4214;27.698;72.302;-0.188314948
7.369722;12.354722;81.38466535;121.7918;48.484;51.516;3.686589652
56.130366;-106.346771;23.74391089;12.3764;19.063;80.937;1.335367053
-11.875001;43.872219;73.52559956;76.4744;72.082;27.918;2.570408457
-4.038333;21.758664;91.81331099;126.6196;60.063;39.937;4.486464549
21.521757;-77.781167;25.24732416;48.6742;23.403;76.597;0.214772875
12.43031067;-68.99480617;29.65581657;34.9264;10.095;89.905;1.121523954
35.126413;33.429859;25.14556297;5.9046;32.449;67.551;0.990199187
49.817492;15.472962;20.25818779;11.0624;26.745;73.255;0.197209094
26.820553;30.802498;50.57962919;52.272;56.981;43.019;1.921230677
-16.578193;179.414413;43.82167799;43.8366;48.172;51.828;1.697537058
61.92411;25.748151;24.87402891;8.043;16.442;83.558;0.611998069
46.227638;2.213749;28.6046846;9.7082;21.655;78.345;0.799563702
7.946527;-1.023194;68.14287518;70.538;49.287;50.713;3.871498697
39.074208;21.824312;22.03044642;9.7886;23.708;76.292;0.171914859
12.262776;-61.604171;42.1656051;38.178;64.319;35.681;0.230519844
18.971187;-72.285215;60.14630545;43.3346;47.984;52.016;4.389840224
15.199999;-86.241905;60.02367536;74.6882;48.304;51.696;2.840937118
32.427908;53.688046;32.75970374;29.5988;29.374;70.626;2.021514597
33.223191;43.679291;76.29664736;80.003;30.966;69.034;3.028962101
53.41291;-8.24389;30.40525167;13.7812;38.16;61.84;0.984081557
48.019573;66.923684;35.03030144;30.0468;46.268;53.732;1.085228245
-0.023559;37.906193;77.85409099;96.5826;76.429;23.571;4.31911775
19.85627;102.495496;62.3141109;69.569;66.877;33.123;5.226330982
56.879635;24.603189;20.97853083;16.4796;32.308;67.692;-2.187636655
49.815273;6.129583;25.80936497;8.0456;11.453;88.547;2.243098596
22.198745;113.543873;15.88804694;3.6016;0;100;2.5040346
41.608635;21.745275;25.71661925;19.7022;43.008;56.992;0.074553829
4.210484;101.975766;40.44184493;12.7924;29.088;70.912;2.831275765
3.202778;73.22068;43.21327006;11.338;60.016;39.984;4.980198152
23.634501;-102.552784;46.72320852;68.0516;22.175;77.825;1.914410624
7.425554;150.550812;62.27300119;21.304;77.702;22.298;-0.362898398
47.411631;28.369885;22.52084473;26.2568;55.114;44.886;-0.211177486
31.791702;-7.09262;42.61785813;33.1186;42.316;57.684;2.117176357
-18.665695;35.529562;90.26567812;161.6826;69.045;30.955;3.489536057
-40.900557;174.885971;30.84651603;27.2258;13.835;86.165;1.131462693
12.865416;-85.207229;52.48173018;97.552;42.745;57.255;1.739384148
17.607789;8.081666;105.1467123;210.368;82.441;17.559;4.983812753
60.472024;8.468946;28.40966647;7.2306;20.898;79.102;1.609156065
8.537981;-80.782127;44.59375145;79.8886;34.885;65.115;2.143885515
-9.189967;-75.015152;45.56445107;53.1626;23.085;76.915;1.747871746
39.399872;-8.224454;22.52952503;13.665;39.433;60.567;1.046477581
18.220833;-66.590149;30.76502743;48.3844;6.175;93.825;-0.568984753
61.52401;105.318756;20.67535826;27.8714;26.313;73.687;0.105974278
0.18636;6.613081;81.70312862;90.3556;38.093;61.907;3.352774079
-4.679574;55.491977;32.30559172;59.977;47.681;52.319;3.325053603
46.151241;14.995463;20.0819675;4.6708;49.96;50.04;0.250432576
7.241899303;31.26596797;81.35902103;86.1788;82.145;17.855;5.281795984
12.862807;30.217636;76.73061284;93.0264;66.92;33.08;2.562304508
46.818188;8.227512;22.12669732;3.897;26.337;73.663;1.093155085
-6.369028;34.888822;87.04227146;125.8002;71.886;28.114;5.604859229
8.619543;0.824782;78.67629859;92.1382;62.467;37.533;3.987221742
33.886917;9.537499;33.72137717;6.4852;34.066;65.934;1.278069533
38.963745;35.243322;40.66779648;34.846;29.285;70.715;2.276490977
38.969719;59.556278;43.85721466;19.1544;51.598;48.402;1.865244076
1.373333;32.290275;100.96601;135.9608;85.508;14.492;5.432370637
55.378051;-3.435973;26.75886379;21.1118;18.698;81.302;1.117771085
-15.376706;166.959158;66.03146968;45.9602;75.411;24.589;3.602604185
14.058324;108.277199;33.92983522;33.955;69.608;30.392;3.157538157
-19.015438;29.154857;75.1726429;115.0006;66.804;33.196;1.279630381
51.165691;10.451526;20.30435614;8.375;25.512;74.488;0.290185263
7.946527;-1.023194;67.83995949;70.394;48.606;51.394;3.814516441
39.074208;21.824312;22.11540163;9.1638;23.351;76.649;0.195350524
12.262776;-61.604171;41.65189598;36.768;64.366;35.634;0.243344908
13.444304;144.793731;41.32782448;49.5288;5.813;94.187;0.978988909
15.783471;-90.230759;67.81339441;85.8694;50.235;49.765;3.021184372
9.945587;-9.696645;80.50144802;147.7742;64.703;35.297;3.979885924
11.803749;-15.180413;74.64081892;103.747;53.919;46.081;4.261092118
4.860416;-58.93018;51.98107927;90.894;71.729;28.271;0.447428039
18.971187;-72.285215;59.12077239;42.2998;46.544;53.456;4.173074423
15.199999;-86.241905;57.94025867;71.5636;47.684;52.316;2.746427524
-3.370417;-168.734039;59.97432525;22.3548;56.145;43.855;2.131488129
40.339852;127.510093;32.40389403;0.6386;39.684;60.316;0.70855177
35.907757;127.766922;21.67636865;1.857;17.963;82.037;0.867372471
29.31166;47.481766;31.39803772;12.0766;1.721;98.279;5.724073674
41.20438;74.766098;45.88631875;39.2282;64.658;35.342;1.327312564
26.3351;17.228331;43.70287842;6.39;22.188;77.812;0.584416436
55.169438;23.881275;21.56717392;14.9952;33.328;66.672;-2.385886237
49.815273;6.129583;25.35328439;7.5188;11.094;88.906;2.627292677
22.198745;113.543873;15.72298994;3.7348;0;100;2.229984352
41.608635;21.745275;25.14063928;19.3706;43.038;56.962;0.114191031
-18.766947;46.869107;79.68020511;125.1284;67.438;32.562;4.766668191
-18.665695;35.529562;90.23333001;157.7138;68.821;31.179;3.54037531
21.913965;95.956223;44.81225764;18.1104;68.065;31.935;2.429189241
-22.95764;18.49041;64.10574883;79.776;57.363;42.637;4.522186768
28.394857;84.124008;61.96661752;78.7696;82.834;17.166;3.146606463
52.132633;5.291266;25.68713919;4.6572;12.163;87.837;1.353807346
-20.904305;165.618042;34.57891867;19.6606;32.099;67.901;2.51648379
-9.189967;-75.015152;44.85875534;52.6508;22.731;77.269;1.765566667
12.879721;121.774017;53.15303499;56.4148;54.983;45.017;1.032221117
51.919438;19.145136;20.98951402;14.9658;39.22;60.78;-0.130333015
39.399872;-8.224454;22.34512726;12.808;38.833;61.167;0.838690636
18.220833;-66.590149;30.25849667;47.8412;6.229;93.771;-0.995885963
0.18636;6.613081;81.03679972;89.4738;37.4;62.6;3.292489951
23.885942;45.079162;44.51145679;11.1162;17.702;82.298;2.714086583
14.497401;-14.452362;81.92801998;88.7562;57.503;42.497;3.672342789
44.016521;21.005859;25.21162666;20.8694;44.742;55.258;-0.698954368
-4.679574;55.491977;32.47945474;59.999;47.389;52.611;-2.071687821
-30.559482;22.937506;47.8663542;52.5216;37.254;62.746;2.333510361
7.241899303;31.26596797;80.8370709;82.1264;81.978;18.022;5.343142478
40.463667;-3.74922;21.71686769;9.5918;21.327;78.673;0.64938946
7.873054;80.771797;37.74674377;18.6794;81.691;18.309;0.974899568
13.909444;-60.978893;37.19005498;57.328;81.55;18.45;1.054608829
-8.874217;125.727539;75.74631836;54.9258;69.829;30.171;7.1634943
8.619543;0.824782;78.5086485;91.9376;61.99;38.01;3.96935702
-21.178986;-175.198242;65.84859482;17.0786;76.557;23.443;0.660041343
10.691803;-61.222503;29.24374354;35.4616;91.063;8.937;-1.216478924
33.886917;9.537499;33.49031065;6.6326;33.9;66.1;1.445572114
1.650801;10.267895;69.8538118;116.035;60.663;39.337;3.292389232
15.179384;39.782334;77.06133969;64.0238;79.046;20.954;3.947750026
58.595272;25.013607;22.83095514;17.4174;32.035;67.965;-0.493242835
9.145;40.489673;83.17328143;70.4222;82.265;17.735;4.962931391
-16.578193;179.414413;43.88701098;43.3678;47.786;52.214;1.595917072
32.427908;53.688046;32.61078256;29.1054;28.8;71.2;2.055398984
33.223191;43.679291;75.84936955;80.003;30.902;69.098;3.098825909
53.41291;-8.24389;31.1342929;12.9556;37.889;62.111;0.801495736
31.046051;34.851612;44.09589856;12.0464;8.114;91.886;1.915582347
41.87194;12.56738;21.4568039;6.486;31.556;68.444;0.343066345
19.85627;102.495496;61.05815831;67.862;65.748;34.252;5.036422399
56.879635;24.603189;21.08933004;15.9198;32.38;67.62;-1.927208829
33.854721;35.862285;34.71841028;13.373;12.696;87.304;1.31868068
-29.609988;28.233608;63.86365683;91.1184;74.747;25.253;3.106095936
6.428055;-9.429499;80.55765595;122.3318;51.832;48.168;3.790438119
-13.254308;34.301525;90.8235723;143.4576;84.337;15.663;3.835556935
4.210484;101.975766;39.38995822;12.7772;28.265;71.735;2.753697259
3.202778;73.22068;42.23644176;10.369;58.841;41.159;5.584571749
17.570692;-3.996166;94.59401674;178.7094;63.211;36.789;5.242538867
35.937496;14.375416;23.60960214;17.8874;5.167;94.833;0.600901506
47.411631;28.369885;22.07196515;25.9544;55.141;44.859;-0.118028672
46.862496;103.846656;39.29831803;19.0304;31.462;68.538;3.123505913
42.708678;19.37439;29.04183536;14.4074;36.726;63.274;0.386883242
31.791702;-7.09262;42.08784427;33.3018;41.809;58.191;2.187688703
30.375321;69.345116;60.37372356;40.9824;62.993;37.007;3.221167233
8.537981;-80.782127;44.11169661;79.2018;34.595;65.405;2.128040789
-6.314993;143.95555;66.1498768;57.7648;87;13;2.073085904
-23.442503;-58.443832;51.70129851;61.7582;41.286;58.714;1.729167804
12.984305;-61.287228;38.96252659;55.392;50.86;49.14;0.747248013
12.862807;30.217636;75.8823578;88.4962;66.812;33.188;2.525885743
3.919305;-56.027783;43.23448587;48.7162;33.724;66.276;0.914771628
-26.522503;31.465866;66.22547663;86.6976;78.575;21.425;1.293315199
60.128161;18.643501;25.394601;5.5736;14.79;85.21;0.936036801
38.963745;35.243322;40.18807067;33.236;28.718;71.282;2.020477012
38.969719;59.556278;42.87011606;18.5772;51.293;48.707;1.902798487
1.373333;32.290275;100.4762611;131.3044;85.2;14.8;5.39937274
48.379433;31.16558;20.15254177;28.4446;31.124;68.876;-0.083242206
23.424076;53.847818;15.72224379;28.0744;15.625;84.375;5.130813433
6.42375;-66.58973;45.11986425;81.2292;11.19;88.81;1.524672597
14.058324;108.277199;33.35149263;35.008;68.971;31.029;3.112788731
18.335765;-64.896335;31.69070455;47.8164;5.24;94.76;-0.279932242
15.552727;48.516388;75.56158046;67.8264;67.698;32.302;4.469232108
-13.133897;27.849332;92.0800652;107.0682;60.847;39.153;4.114778816
61.92411;25.748151;24.93368476;7.647;16.312;83.688;0.619009285
46.227638;2.213749;28.77202175;9.6116;21.416;78.584;0.78824183
-17.679742;-149.406843;32.74962212;38.841;43.651;56.349;0.807824725
-0.803689;11.609444;66.32008366;113.7218;13.953;86.047;2.675053325
13.443182;-15.310139;90.85059894;115.8522;42.986;57.014;4.525316544
42.315407;43.356892;24.75091733;47.5384;46.984;53.016;0.961401973
22.396428;114.109497;15.78043183;3.4254;0;100;0.672543292
47.162494;19.503304;21.29437784;19.293;30.652;69.348;0.424270889
64.963051;-19.020835;31.20996091;9.3672;6.266;93.734;0.422931386
20.593684;78.96288;47.44009246;33.269;68.724;31.276;2.440845374
-0.789275;113.921327;43.05571393;51.505;49.288;50.712;2.879819533
18.109581;-77.297508;40.69516189;65.9772;46.07;53.93;0.681772348
36.204824;138.252924;20.91927182;4.6522;8.752;91.248;0.601289465
30.585164;36.238414;61.06468974;26.402;17.276;82.724;2.512180248
48.019573;66.923684;35.71438498;30.7114;46.419;53.581;1.148240074
-0.023559;37.906193;77.59584291;95.3688;76.033;23.967;4.336963474
21.00789;-10.940835;72.96129534;83.3844;42.652;57.348;3.692718206
-20.348404;57.552152;30.14147567;30.3008;59.628;40.372;-0.351227038
23.634501;-102.552784;45.69072588;67.0108;21.882;78.118;1.838444399
7.425554;150.550812;60.66633275;19.93;77.697;22.303;-0.116926155
-40.900557;174.885971;31.00558428;26.2674;13.817;86.183;0.783365974
12.865416;-85.207229;51.13660683;95.168;42.456;57.544;1.717216627
17.607789;8.081666;105.9058457;209.427;82.234;17.766;5.110673245
9.081999;8.675277;82.65852768;118.2752;55.638;44.362;4.697729537
60.472024;8.468946;28.19059342;6.6698;20.615;79.385;1.654322199
21.512583;55.923255;33.97599908;11.2294;24.309;75.691;9.361509965
25.354826;51.183884;16.47706488;12.3948;1.188;98.812;7.785991537
45.943161;24.96676;23.25223961;37.6466;46.04;53.96;-0.248797871
61.52401;105.318756;21.00328664;27.3982;26.268;73.732;0.139017852
-1.940278;29.873888;77.25112874;31.9952;75.078;24.922;6.490487983
-13.759029;-172.104629;67.38801125;28.9356;80.143;19.857;-0.35403014
8.460555;-11.779889;80.3063096;129.1974;61.443;38.557;3.099604266
1.352083;103.819836;23.02931123;4.3194;0;100;2.08576428
48.669026;19.699024;20.97048732;21.2026;45.59;54.41;-0.375189696
46.151241;14.995463;20.44377524;4.5834;50.052;49.948;0.023701941
-9.64571;160.156194;72.37480931;55.4442;79.494;20.506;4.415331196
5.152149;46.199616;96.17076165;113.7292;62.298;37.702;3.502591727
46.818188;8.227512;22.01945983;3.695;26.299;73.701;1.163439288
34.802075;38.996815;59.65477298;42.7596;43.934;56.066;2.372764605
38.861034;71.276093;57.58056228;40.054;73.467;26.533;2.310295806
-6.369028;34.888822;87.21444251;124.2546;71.202;28.798;5.582816149
15.870032;100.992541;26.17527303;44.2456;54.606;45.394;3.25316029
55.378051;-3.435973;27.01675067;19.6074;18.43;81.57;1.110769713
37.09024;-95.712891;29.12062723;31.9522;19.06;80.94;0.972454438
-32.522779;-55.765835;34.97019351;58.6358;5.388;94.612;0.540733739
41.377491;64.585262;43.42737014;18.2036;63.827;36.173;2.634267264
-15.376706;166.959158;65.66095336;45.3856;75.106;24.894;3.565376754
-19.015438;29.154857;75.01160723;114.1658;66.985;33.015;1.449080968
7.539989;-5.54708;81.12423843;135.6134;48.695;51.305;3.788431393
-1.831239;-78.183406;47.96019625;78.4622;37.115;62.885;1.921855399
13.794185;-88.89653;47.52566747;68.8162;35.21;64.79;1.060464619
33.93911;67.709953;93.10241175;93.7132;74.926;25.074;4.531354508
41.153332;20.168331;30.23757859;20.3584;46.753;53.247;1.773496394
28.033886;1.659626;40.88261403;11.0822;31.791;68.209;2.878442523
-11.202692;17.873887;97.37508848;178.436;59.1;40.9;5.330266512
17.060816;-61.796428;38.50947454;50.509;74.333;25.667;-1.155675831
40.069099;45.038189;28.65531921;26.0886;36.629;63.371;-0.177953382
12.52111;-69.968338;29.62847064;27.9282;57.302;42.698;-0.508755337
47.516231;14.550072;21.60848274;9.0772;34.142;65.858;0.346183705
40.143105;47.576927;31.02656192;52.5774;46.377;53.623;1.717863041
25.03428;-77.39628;31.44648745;35.227;17.394;82.606;1.685495812
23.684994;90.356331;49.56368645;87.0114;68.775;31.225;3.646837417
13.193887;-59.543198;29.18506327;47.0958;68.095;31.905;-0.114984244
9.30769;2.315834;80.2452825;93.1962;57.744;42.256;3.751341237
43.915886;17.679076;20.36750558;11.9598;60.709;39.291;0.088699286
-22.328474;24.684866;51.52433002;41.0362;43.533;56.467;2.435881068
-3.373056;29.918886;82.89435671;30.9104;89.088;10.912;5.933526224
16.002082;-24.013197;49.7671207;76.8482;37.376;62.624;2.241070534
7.369722;12.354722;80.94000059;118.8154;47.901;52.099;3.659171281
-35.675147;-71.542969;31.33722971;49.993;11.21;88.79;1.318737048
35.86166;104.195397;23.13342974;7.5878;49.427;50.573;3.178740299
-11.875001;43.872219;73.02647779;75.4602;72.034;27.966;2.614425479
-0.228021;15.827659;78.16999069;126.2022;36.334;63.666;3.392195937
45.1;15.2;23.2291287;12.0636;42.2;57.8;-2.697859165
12.43031067;-68.99480617;28.87789268;35.2082;10.225;89.775;1.276866103
56.26392;9.501785;27.36066862;4.7226;13.043;86.957;0.598214063
11.825138;42.590275;54.22010765;23.7666;22.947;77.053;1.389430868
26.820553;30.802498;50.7053509;53.458;57;43;2.062463539
-38.416097;-63.616672;40.2789162;63.298;8.867;91.133;1.227706938
-25.274398;133.775136;28.21047206;15.8416;11.125;88.875;1.549427001
25.930414;50.637772;25.8418449;13.9646;11.425;88.575;3.527333443
53.709807;27.953389;20.99276598;21.5494;24.954;75.046;0.396672221
50.503887;4.469936;25.52055011;9.29;2.313;97.687;1.207637765
17.189877;-88.49765;57.15122193;71.033;55.282;44.718;1.784745846
27.514162;90.433601;44.75649959;32.016;64.415;35.585;3.903344896
-16.290154;-63.588653;57.41392427;74.4374;33.145;66.855;2.244006651
-14.235004;-51.92528;36.41588574;68.9322;15.377;84.623;1.294678963
4.535277;114.727669;34.4856502;22.1818;24.128;75.872;2.027577305
42.733883;25.48583;20.20864833;42.2552;27.362;72.638;-0.177597399
12.238333;-1.561593;90.23012679;118.2566;73.495;26.505;6.212555874
12.565679;104.990963;52.0178487;48.4484;80.033;19.967;2.374665127
56.130366;-106.346771;23.7040838;11.8552;18.885;81.115;1.207298991
6.611111;20.939444;72.08114785;99.9918;60.966;39.034;2.443913812
15.454166;18.732207;99.34019944;157.9878;77.952;22.048;3.619670449
49.4491198;-2.342035064;22.04985547;8.4368;68.884;31.116;0.765871375
4.570868;-74.297333;38.1003238;58.8626;24.679;75.321;1.436995963
-4.038333;21.758664;91.75169599;125.4558;59.558;40.442;4.463178347
9.748917;-83.753428;35.4388125;60.1492;27.134;72.866;2.773176385
21.521757;-77.781167;24.80566977;48.4786;23.311;76.689;0.256456755
35.126413;33.429859;24.76248738;5.6888;32.594;67.406;0.952461255
49.817492;15.472962;20.62705594;11.0442;26.815;73.185;0.111145922
18.735693;-70.162651;49.55682158;102.2394;25.071;74.929;2.879739643
47.516231;14.550072;21.45794269;8.565;34.136;65.864;0.465047133
40.143105;47.576927;30.65716143;53.694;46.144;53.856;1.762324105
25.03428;-77.39628;30.78098981;34.18;17.333;82.667;1.610141422
25.930414;50.637772;26.471829;13.785;11.381;88.619;2.13819371
23.684994;90.356331;48.36693189;85.37;68.01;31.99;3.62031318
13.193887;-59.543198;29.06736516;46.902;68.231;31.769;-0.079338034
-4.038333;21.758664;91.55647317;124.292;59.05;40.95;4.433716882
-0.228021;15.827659;78.67737609;125.458;35.9;64.1;3.249412532
9.748917;-83.753428;34.61889089;59.064;26.06;73.94;2.622846153
7.539989;-5.54708;80.38958772;135.14;47.959;52.041;3.814828048
13.794185;-88.89653;45.87882099;66.835;34.713;65.287;1.044947682
1.650801;10.267895;69.35328251;114.331;60.537;39.463;3.312295291
15.179384;39.782334;77.59077265;61.01;78.648;21.352;4.002494996
58.595272;25.013607;23.18698917;16.131;32.165;67.835;-0.549393
9.145;40.489673;81.22883682;67.135;81.84;18.16;4.930768184
13.444304;144.793731;40.59328065;50.126;5.727;94.273;1.295798321
15.783471;-90.230759;66.45975949;84.036;49.788;50.212;2.994877009
9.945587;-9.696645;80.02311701;145.873;64.252;35.748;3.992981299
11.803749;-15.180413;74.25565134;99.099;53.076;46.924;4.239664529
4.860416;-58.93018;49.7187414;90.099;71.681;28.319;0.503186816
18.971187;-72.285215;57.99946538;41.265;45.159;54.841;3.96677642
41.87194;12.56738;21.48130062;6.381;31.44;68.56;0.438879643
18.109581;-77.297508;39.12601432;64.106;45.873;54.127;0.659281288
36.204824;138.252924;20.98216508;4.534;8.098;91.902;0.513851443
30.585164;36.238414;60.57297497;26.002;17.03;82.97;2.489212525
48.019573;66.923684;36.59957367;31.376;46.542;53.458;1.178528207
6.428055;-9.429499;80.02614785;117.425;51.459;48.541;3.445909224
26.3351;17.228331;44.21515045;6.325;22.012;77.988;0.142419185
55.169438;23.881275;21.46767594;14.014;33.396;66.604;-1.443270686
49.815273;6.129583;24.89873009;6.992;10.753;89.247;2.784189595
22.198745;113.543873;15.72845932;3.868;0;100;2.006686044
41.608635;21.745275;24.73400682;19.039;43.041;56.959;0.158274233
7.425554;150.550812;59.14563853;18.556;77.683;22.317;0.103941109
47.411631;28.369885;21.7028394;25.652;55.143;44.857;-0.017597326
46.862496;103.846656;39.74195139;19.03;30.528;69.472;3.123348151
42.708678;19.37439;28.64074317;13.33;36.543;63.457;0.372950606
31.791702;-7.09262;41.63379085;33.485;41.303;58.697;2.246316548
60.472024;8.468946;27.90126766;6.109;20.335;79.665;1.665525057
21.512583;55.923255;31.13823043;10.638;23.796;76.204;10.60752506
30.375321;69.345116;59.68297534;40.824;62.572;37.428;3.25204703
8.537981;-80.782127;43.50943952;78.515;34.302;65.698;2.111022739
-6.314993;143.95555;65.22646372;56.889;87.018;12.982;2.033026029
-23.442503;-58.443832;50.46853963;60.241;41.06;58.94;1.73193559
-9.189967;-75.015152;44.26600499;52.139;22.384;77.616;1.779488929
12.879721;121.774017;52.31942181;56.997;55.19;44.81;1.130686492
51.919438;19.145136;21.02560321;14.722;39.312;60.688;-0.151717512
-13.759029;-172.104629;66.84321245;28.251;80.361;19.639;-0.325632377
0.18636;6.613081;80.54202416;88.592;36.735;63.265;3.230935354
23.885942;45.079162;43.5683786;10.887;17.49;82.51;2.685507019
14.497401;-14.452362;82.0230566;87.018;57.219;42.781;3.784580275
44.016521;21.005859;24.9959706;20.611;44.693;55.307;-0.396641107
-9.64571;160.156194;71.76091023;53.65;79.036;20.964;4.327666642
5.152149;46.199616;95.40146632;110.373;61.847;38.153;3.477089585
-30.559482;22.937506;47.01733142;50.862;36.728;63.272;2.352163726
7.241899303;31.26596797;80.12212985;78.074;81.8;18.2;5.362164695
40.463667;-3.74922;21.96699889;8.944;21.098;78.902;0.35558183
7.873054;80.771797;37.66851191;17.777;81.703;18.297;-2.692117656
60.128161;18.643501;25.75107003;5.464;14.637;85.363;0.919160786
46.818188;8.227512;21.9233786;3.493;26.261;73.739;1.113367795
34.802075;38.996815;60.62331962;42.311;43.541;56.459;2.375042825
38.861034;71.276093;57.11273784;39.476;73.432;26.568;2.388911324
-6.369028;34.888822;87.44192913;122.709;70.507;29.493;5.564944842
38.963745;35.243322;39.74755058;31.626;28.166;71.834;1.993270678
38.969719;59.556278;42.3966108;18;50.977;49.023;1.93602289
1.373333;32.290275;99.85759235;126.648;84.885;15.115;5.380128414
48.379433;31.16558;20.32454068;27.953;30.928;69.072;0.037066835
-11.202692;17.873887;97.14004591;175.944;58.301;41.699;5.266279893
17.060816;-61.796428;37.60193044;49.263;74.865;25.135;-1.061925426
-38.416097;-63.616672;40.05934425;63.976;8.705;91.295;1.227413032
40.069099;45.038189;27.70494675;25.604;36.839;63.161;0.016374313
12.52111;-69.968338;28.87406549;26.562;57.636;42.364;-0.338308551
-25.274398;133.775136;28.16536071;15.527;10.985;89.015;1.88029608
27.514162;90.433601;43.3367988;27.724;63.632;36.368;3.730073904
-16.290154;-63.588653;56.32528479;72.579;32.721;67.279;2.212437312
43.915886;17.679076;20.00194043;11;60.622;39.378;0.11960279
-22.328474;24.684866;50.97084032;38.999;43.301;56.699;2.452322988
-14.235004;-51.92528;35.62945524;68.445;15.099;84.901;1.263159597
16.002082;-24.013197;48.29716433;74.651;36.611;63.389;2.360909166
12.565679;104.990963;51.04682482;48.816;79.863;20.137;2.473342673
7.369722;12.354722;80.42758756;115.839;47.323;52.677;3.630051628
56.130366;-106.346771;23.61316665;11.334;18.707;81.293;1.410385947
6.611111;20.939444;71.23034638;98.334;60.742;39.258;2.50870471
45.1;15.2;23.07123448;11.435;41.926;58.074;0.167267677
21.521757;-77.781167;24.4121183;48.283;23.219;76.781;0.288082953
12.43031067;-68.99480617;28.59454688;35.49;10.348;89.652;0.69252813
35.126413;33.429859;24.36122752;5.473;32.739;67.261;0.911883536
49.817492;15.472962;21.02557568;11.026;26.885;73.115;0.044226014
56.26392;9.501785;27.08547931;4.436;12.858;87.142;0.588807879
11.825138;42.590275;53.53871399;23.113;22.883;77.117;1.412504971
42.315407;43.356892;24.86058789;46.734;46.838;53.162;0.438811603
51.165691;10.451526;20.0732453;8.026;25.312;74.688;-1.42320917
7.946527;-1.023194;67.70278993;70.25;47.931;52.069;3.746107493
39.074208;21.824312;22.27672839;8.539;23;77;0.182829568
12.262776;-61.604171;41.06790381;35.358;64.399;35.601;0.293364836
-0.789275;113.921327;42.63688666;51.505;48.512;51.488;2.829230209
32.427908;53.688046;32.59741745;28.612;28.231;71.769;2.081375287
33.223191;43.679291;75.16884276;80.003;30.825;69.175;3.11753151
53.41291;-8.24389;31.81761571;12.13;37.614;62.386;0.662277644
31.046051;34.851612;44.53677292;11.568;8.051;91.949;1.91469576
19.85627;102.495496;59.73855047;66.155;64.632;35.368;4.859550227
56.879635;24.603189;21.30041742;15.36;32.452;67.548;-1.346862351
33.854721;35.862285;34.83360302;13.597;12.574;87.426;1.319601036
-29.609988;28.233608;62.82189316;90.491;74.24;25.76;3.179836779
-18.766947;46.869107;78.5284501;122.842;66.804;33.196;4.725044609
-13.254308;34.301525;90.1351056;140.218;84.202;15.798;3.92126337
4.210484;101.975766;38.56032906;12.762;27.474;72.526;2.655726607
3.202778;73.22068;41.52488647;9.4;57.697;42.303;4.841907129
17.570692;-3.996166;95.04669303;178.849;62.421;37.579;5.105641813
-18.665695;35.529562;90.00158843;153.745;68.583;31.417;3.582331288
21.913965;95.956223;43.92712963;17.64;67.531;32.469;2.457853952
-22.95764;18.49041;63.2625333;79.776;56.334;43.666;4.657026894
28.394857;84.124008;59.54414665;75.004;82.482;17.518;3.204955296
52.132633;5.291266;25.58026369;4.498;11.425;88.575;1.206743237
39.399872;-8.224454;22.14412443;11.951;38.242;61.758;0.556137788
18.220833;-66.590149;29.7620466;47.298;6.278;93.722;-1.266343218
25.354826;51.183884;17.07966395;11.691;1.054;98.946;5.757269314
45.943161;24.96676;23.23101915;37.292;45.909;54.091;-0.202696072
61.52401;105.318756;21.61039192;26.925;26.214;73.786;0.241513511
-1.940278;29.873888;76.51467955;29.889;74.106;25.894;6.267683157
23.424076;53.847818;15.90025683;27.625;15.316;84.684;2.828693131
55.378051;-3.435973;27.12434479;18.103;18.166;81.834;1.018443384
37.09024;-95.712891;28.88458572;30.023;18.892;81.108;0.971273344
-32.522779;-55.765835;34.54050536;57.984;5.197;94.803;0.530279753
41.377491;64.585262;43.05387221;18.253;63.818;36.182;1.496982661
-15.376706;166.959158;64.56039009;44.811;74.8;25.2;3.518008121
-19.015438;29.154857;74.9572834;113.331;67.166;32.834;1.600765308
33.93911;67.709953;90.72127417;87.794;74.532;25.468;4.69466817
41.153332;20.168331;29.06227343;20.798;45.67;54.33;1.865712376
28.033886;1.659626;41.38778316;11.431;31.13;68.87;2.912500561
53.709807;27.953389;21.35175529;21.418;24.533;75.467;0.464365326
50.503887;4.469936;25.63212016;9.016;2.268;97.732;0.772080089
17.189877;-88.49765;55.49561829;69.749;55.504;44.496;1.758790244
9.30769;2.315834;79.50600711;90.22;57.333;42.667;3.695432701
4.535277;114.727669;33.7429685;21.774;23.777;76.223;1.969489853
42.733883;25.48583;20.50224759;42.089;27.029;72.971;-0.12181249
12.238333;-1.561593;89.79178556;115.408;72.654;27.346;6.084129814
-3.373056;29.918886;83.39300616;30.256;88.811;11.189;5.865645256
15.454166;18.732207;98.6683215;152.015;77.871;22.129;3.700764424
49.4491198;-2.342035064;21.91203035;8.068;68.811;31.189;0.760050339
-35.675147;-71.542969;30.76976846;49.32;11.014;88.986;1.302522513
35.86166;104.195397;23.07684573;7.521;48.111;51.889;3.056129629
4.570868;-74.297333;37.36017044;57.657;24.397;75.603;1.3911477
-11.875001;43.872219;72.49070362;74.446;71.971;28.029;2.665562987
18.735693;-70.162651;48.93730751;100.624;23.961;76.039;2.737967833
-1.831239;-78.183406;47.20740053;77.325;36.912;63.088;1.905580796
26.820553;30.802498;51.43009428;54.644;56.998;43.002;2.215756905
-16.578193;179.414413;43.89442728;42.899;47.404;52.596;1.513443845
61.92411;25.748151;25.0613572;7.251;16.181;83.819;0.632214707
46.227638;2.213749;28.99636277;9.515;21.18;78.82;0.753664611
-17.679742;-149.406843;32.22062844;38.186;43.782;56.218;0.837092502
-0.803689;11.609444;65.82014003;111.216;13.633;86.367;2.639733896
13.443182;-15.310139;90.80514123;115.824;42.294;57.706;4.469183337
15.199999;-86.241905;55.8369404;68.439;47.07;52.93;2.660776252
22.396428;114.109497;15.76319344;3.515;0;100;1.166874383
47.162494;19.503304;21.28890805;19.223;30.168;69.832;0.179068125
64.963051;-19.020835;31.06516349;8.134;6.16;93.84;0.645018362
20.593684;78.96288;46.54894923;30.439;68.369;31.631;2.414494423
-0.023559;37.906193;77.29266899;94.155;75.63;24.37;4.342711311
-3.370417;-168.734039;59.19170022;21.134;56.052;43.948;2.063529348
40.339852;127.510093;31.91045375;0.638;39.564;60.436;0.733204884
35.907757;127.766922;20.9110187;1.798;17.859;82.141;0.577669949
29.31166;47.481766;30.84386275;11.55;1.706;98.294;5.435004355
41.20438;74.766098;46.39562154;41.596;64.597;35.403;1.837682657
35.937496;14.375416;23.11533711;17.767;5.009;94.991;0.929150926
21.00789;-10.940835;72.4420119;82.338;42;58;3.646504722
-20.348404;57.552152;29.32537057;29.159;59.836;40.164;-0.239398233
23.634501;-102.552784;44.68086666;65.97;21.593;78.407;1.776420486
-20.904305;165.618042;34.07471824;19.218;31.491;68.509;2.453576758
-40.900557;174.885971;31.073184;25.309;13.8;86.2;0.567931646
12.865416;-85.207229;49.78557071;92.784;42.159;57.841;1.700051981
17.607789;8.081666;106.4515428;208.486;82.014;17.986;5.217654871
9.081999;8.675277;82.87996801;117.05;54.766;45.234;4.639261057
-4.679574;55.491977;32.63635483;60.021;47.085;52.915;1.55724057
8.460555;-11.779889;79.72961868;125.337;61.115;38.885;3.093644115
1.352083;103.819836;22.56233023;3.909;0;100;2.452462354
48.669026;19.699024;20.93306767;21.336;45.837;54.163;-0.284819857
46.151241;14.995463;20.78281966;4.496;50.144;49.856;0.025646389
13.909444;-60.978893;36.37759271;56.309;81.55;18.45;0.893897692
12.984305;-61.287228;38.12198928;54.508;50.505;49.495;0.713990701
12.862807;30.217636;75.0198979;83.966;66.685;33.315;2.510441291
3.919305;-56.027783;42.55357267;48.078;33.792;66.208;0.866193928
-26.522503;31.465866;65.33509974;86.376;78.626;21.374;1.335695946
15.870032;100.992541;25.71736655;44.697;53.318;46.682;3.187484413
-8.874217;125.727539;77.22430152;52.205;69.168;30.832;4.685088609
8.619543;0.824782;78.24515943;91.737;61.507;38.493;3.958233159
-21.178986;-175.198242;65.58412117;16.602;76.502;23.498;0.594803351
10.691803;-61.222503;29.36208645;34.805;91.205;8.795;-1.094067774
33.886917;9.537499;33.4335334;6.78;33.726;66.274;1.229732623
6.42375;-66.58973;44.51413996;80.898;11.149;88.851;1.485429987
14.058324;108.277199;33.01721541;36.061;68.332;31.668;3.094888805
18.335765;-64.896335;31.92398699;47.283;5.084;94.916;-0.317739721
15.552727;48.516388;74.21814566;65.25;67.126;32.874;4.393404624
-13.133897;27.849332;91.61750682;103.332;60.413;39.587;4.144510683
40.143105;47.576927;30.54740817;56.1272;45.9;54.1;1.745485728
25.03428;-77.39628;30.16341564;32.353;17.268;82.732;1.532175864
23.684994;90.356331;47.21894209;84.43;67.247;32.753;3.573471575
13.193887;-59.543198;29.06221817;44.4146;68.348;31.652;-0.041370135
-14.235004;-51.92528;34.90911705;67.8778;14.829;85.171;1.231200625
-3.373056;29.918886;83.87902712;29.4556;88.528;11.472;5.814125262
9.748917;-83.753428;33.78270228;58.0514;25.044;74.956;2.481878439
7.539989;-5.54708;79.59832948;135.302;47.234;52.766;3.817098289
45.1;15.2;22.76704193;10.68;41.641;58.359;0.211047415
21.521757;-77.781167;24.05143873;47.2252;23.128;76.872;0.293506626
-17.679742;-149.406843;32.17049477;37.3194;43.911;56.089;0.856558451
-0.803689;11.609444;65.30841054;106.708;13.342;86.658;2.595266995
51.165691;10.451526;19.85298201;7.4932;25.11;74.89;0.542993733
7.946527;-1.023194;67.63939624;68.8752;47.265;52.735;3.668591755
39.074208;21.824312;22.49501031;8.1042;22.657;77.343;-0.145244993
22.396428;114.109497;15.93167734;3.3906;0;100;0.458789964
47.162494;19.503304;21.32813963;18.7178;29.694;70.306;0.401109317
64.963051;-19.020835;30.91214882;7.307;6.058;93.942;1.054363521
20.593684;78.96288;45.63323413;28.0568;68.006;31.994;2.392263901
-0.789275;113.921327;42.27076998;50.753;47.748;52.252;2.766922755
32.427908;53.688046;32.70317502;27.8554;27.68;72.32;2.063469035
56.879635;24.603189;21.64785637;14.669;32.524;67.476;-1.177674364
6.428055;-9.429499;79.28494653;113.9902;51.079;48.921;3.220723127
26.3351;17.228331;44.64048713;6.2694;21.83;78.17;-0.044456139
7.425554;150.550812;57.71968484;17.1252;77.658;22.342;0.306861397
47.411631;28.369885;21.42013171;24.444;55.121;44.879;0.022293598
46.862496;103.846656;40.29401323;17.6874;29.634;70.366;3.072591594
42.708678;19.37439;28.20707137;12.897;36.357;63.643;0.390283958
31.791702;-7.09262;41.28241755;32.7784;40.8;59.2;2.26366448
9.081999;8.675277;82.96989109;114.468;53.906;46.094;4.5670277
60.472024;8.468946;27.62347629;6.0244;20.061;79.939;1.552500418
21.512583;55.923255;29.05667897;9.6078;23.301;76.699;10.36295848
30.375321;69.345116;58.95521226;39.99;62.14;37.86;3.267347701
8.537981;-80.782127;42.84769445;76.9206;34.006;65.994;2.089996651
23.885942;45.079162;42.76553672;10.06;17.281;82.719;2.615029485
14.497401;-14.452362;82.19248169;83.6376;56.921;43.079;3.843804544
44.016521;21.005859;24.81165487;19.9722;44.627;55.373;-0.36733605
-4.679574;55.491977;32.88732283;58.9794;46.769;53.231;2.387485072
8.460555;-11.779889;78.93710668;122.4688;60.774;39.226;3.093802327
48.669026;19.699024;20.95623268;20.8706;46.055;53.945;-0.295837466
25.930414;50.637772;27.13157664;13.6638;11.333;88.667;1.235604685
33.93911;67.709953;87.99107747;82.2638;74.129;25.871;4.734332923
41.153332;20.168331;28.15229156;21.1438;44.617;55.383;1.811849278
17.189877;-88.49765;53.93891796;68.211;55.702;44.298;1.753316586
9.30769;2.315834;78.66012353;87.405;56.914;43.086;3.6520378
43.915886;17.679076;19.49357576;10.0562;60.514;39.486;0.14615646
7.369722;12.354722;79.8425297;111.346;46.75;53.25;3.597046125
56.130366;-106.346771;23.52478765;10.7086;18.528;81.472;1.375665498
6.611111;20.939444;70.35506677;95.7756;60.5;39.5;2.569107243
15.454166;18.732207;97.81077426;144.594;77.773;22.227;3.770122108
11.825138;42.590275;53.00242466;22.4692;22.814;77.186;1.426853549
-1.831239;-78.183406;46.44707678;76.7488;36.702;63.298;1.888408156
13.794185;-88.89653;44.29115997;66.1952;34.225;65.775;1.030995694
13.444304;144.793731;39.94043558;49.4576;5.644;94.356;1.499615862
15.783471;-90.230759;65.16589028;82.72;49.339;50.661;2.963971643
11.803749;-15.180413;73.82448135;95.2424;52.253;47.747;4.188257279
4.860416;-58.93018;47.68193038;89.2584;71.618;28.382;0.567357652
18.971187;-72.285215;56.84575595;40.47;43.832;56.168;3.765651601
53.41291;-8.24389;32.42875578;11.4516;37.333;62.667;0.697558806
31.046051;34.851612;44.98751529;10.8146;7.988;92.012;1.934538907
41.87194;12.56738;21.48133725;6.2324;31.314;68.686;1.342864168
18.109581;-77.297508;37.51465442;62.3322;45.664;54.336;0.640931051
36.204824;138.252924;21.03562041;4.3462;7.509;92.491;0.463987802
30.585164;36.238414;60.0365188;24.8826;16.789;83.211;2.512706747
49.815273;6.129583;24.44984392;6.5708;10.432;89.568;2.670351167
-18.766947;46.869107;77.36158514;120.168;66.168;33.832;4.688140638
-13.254308;34.301525;89.33022839;138.595;84.056;15.944;3.991237238
4.210484;101.975766;37.45633161;13.0802;26.716;73.284;2.556083314
21.913965;95.956223;43.02042292;17.1758;66.993;33.007;2.477269758
-22.95764;18.49041;62.57942855;78.5882;55.321;44.679;4.662784666
28.394857;84.124008;57.11255914;73.7654;82.123;17.877;3.237498891
52.132633;5.291266;25.53077127;4.2934;10.729;89.271;1.077518405
-20.904305;165.618042;33.63032231;19.1884;30.904;69.096;2.392053346
-40.900557;174.885971;31.08541799;24.6234;13.777;86.223;0.795034892
12.865416;-85.207229;48.48501477;91.2078;41.854;58.146;1.686617224
-6.314993;143.95555;64.16887202;56.07;87.023;12.977;2.090933549
12.879721;121.774017;51.5765805;58.8826;55.367;44.633;1.210079694
51.919438;19.145136;21.08050016;14.193;39.383;60.617;-0.177418776
39.399872;-8.224454;21.94828397;11.1172;37.662;62.338;0.385964081
-9.64571;160.156194;70.97424667;51.5598;78.579;21.421;4.233085336
5.152149;46.199616;94.32974149;107.7876;61.388;38.612;3.506383686
-30.559482;22.937506;46.00050326;48.7214;36.212;63.788;2.358794354
7.241899303;31.26596797;79.27444586;73.1924;81.61;18.39;5.257605132
40.463667;-3.74922;22.15283114;8.733;20.871;79.129;-0.040384932
7.873054;80.771797;37.55586547;16.569;81.7;18.3;0.776001868
53.709807;27.953389;21.8773061;20.129;24.123;75.877;0.562944663
50.503887;4.469936;25.76879421;8.6962;2.224;97.776;0.534197377
27.514162;90.433601;41.89177975;25.209;62.861;37.139;3.556330601
-16.290154;-63.588653;55.20779916;71.863;32.304;67.696;2.179731258
-22.328474;24.684866;50.51476505;36.3236;43.062;56.938;2.448265062
28.033886;1.659626;42.00191104;11.1112;30.49;69.51;2.899810018
-11.202692;17.873887;96.65663161;171.2734;57.51;42.49;5.185361605
17.060816;-61.796428;36.73309119;47.4636;75.357;24.643;-0.951490505
-38.416097;-63.616672;39.89343112;63.9136;8.548;91.452;1.218887275
40.069099;45.038189;26.95127521;24.5562;37.025;62.975;0.169115176
12.52111;-69.968338;27.99697042;24.842;57.942;42.058;-0.210004116
-25.274398;133.775136;28.10248875;14.966;10.847;89.153;1.889210771
47.516231;14.550072;21.35603705;7.972;34.116;65.884;0.614462274
35.86166;104.195397;23.19515216;7.4344;46.832;53.168;2.928698509
4.570868;-74.297333;36.69569685;54.6654;24.117;75.883;1.348936606
-11.875001;43.872219;71.92958512;71.9988;71.896;28.104;2.695806038
-0.228021;15.827659;79.05228641;122.346;35.469;64.531;3.161952461
1.650801;10.267895;68.81388899;112.0642;60.397;39.603;3.327494371
15.179384;39.782334;78.04453059;58.3406;78.235;21.765;4.071116978
58.595272;25.013607;23.59701462;14.8994;32.279;67.721;-0.524078589
9.145;40.489673;79.23618658;63.6274;81.41;18.59;4.875499663
61.92411;25.748151;25.27738085;6.9596;16.048;83.952;0.619285987
48.019573;66.923684;37.69846169;29.981;46.639;53.361;1.260168516
-0.023559;37.906193;76.91678225;92.843;75.22;24.78;4.335436213
-3.370417;-168.734039;57.92929598;19.5494;55.945;44.055;2.032263952
40.339852;127.510093;31.50573125;0.5994;39.431;60.569;0.752872747
29.31166;47.481766;30.21128082;10.8486;1.69;98.31;4.982406825
3.202778;73.22068;41.05479429;8.338;56.584;43.416;4.653424912
35.937496;14.375416;22.62035542;17.3048;4.861;95.139;1.085830362
21.00789;-10.940835;71.84810342;80.8598;41.364;58.636;3.590579646
-20.348404;57.552152;28.63590205;28.8782;60.021;39.979;-0.241165093
23.634501;-102.552784;43.70131848;64.7146;21.309;78.691;1.719651069
45.943161;24.96676;23.13949355;36.206;45.765;54.235;-0.105460475
-1.940278;29.873888;75.36802562;28.4676;73.131;26.869;6.078007692
-13.759029;-172.104629;66.10379935;26.9306;80.56;19.44;-0.232087542
0.18636;6.613081;80.06289693;86.88;36.098;63.902;3.164131374
12.984305;-61.287228;37.27142587;53.1164;50.152;49.848;0.703424254
-16.578193;179.414413;43.89598942;43.6644;47.024;52.976;1.44136874
46.227638;2.213749;29.23968139;9.2816;20.945;79.055;0.731743907
13.443182;-15.310139;90.59133685;114.7038;41.627;58.373;4.403207246
42.315407;43.356892;24.9570142;43.9324;46.691;53.309;0.198140972
12.262776;-61.604171;40.50442984;33.4268;64.417;35.583;0.350905536
9.945587;-9.696645;79.4778263;143.7726;63.791;36.209;3.995596772
61.52401;105.318756;22.39997093;25.5276;26.149;73.851;0.300977229
1.352083;103.819836;22.13426364;3.8712;0;100;1.62070839
46.151241;14.995463;21.12650707;4.2084;50.236;49.764;-0.048958129
13.909444;-60.978893;35.60869813;55.3476;81.541;18.459;0.829533596
12.862807;30.217636;74.11882748;79.994;66.54;33.46;2.540370323
3.919305;-56.027783;41.80120206;47.2984;33.86;66.14;0.823049914
-26.522503;31.465866;64.54193749;79.9952;78.663;21.337;1.353322133
-8.874217;125.727539;79.35052412;49.964;68.515;31.485;4.767557743
8.619543;0.824782;77.87969663;91.8462;61.021;38.979;3.933400683
-21.178986;-175.198242;65.20853508;16.0212;76.44;23.56;0.615511156
10.691803;-61.222503;29.51970547;33.4818;91.334;8.666;-0.982846561
33.886917;9.537499;33.51289648;6.7884;33.544;66.456;1.280526118
38.963745;35.243322;39.33750579;30.021;27.63;72.37;1.965259346
18.335765;-64.896335;32.20774923;45.7366;4.936;95.064;-0.3569105
15.552727;48.516388;72.99002042;63.7318;66.55;33.45;4.317346151
-13.133897;27.849332;91.03852072;98.1738;59.973;40.027;4.165617397
-19.015438;29.154857;74.98888694;111.8664;67.346;32.654;1.708154712
15.199999;-86.241905;53.77680701;67.0488;46.463;53.537;2.589477912
33.223191;43.679291;74.41161705;81.6186;30.738;69.262;3.13185094
35.907757;127.766922;20.182861;1.7282;17.751;82.249;0.560889783
41.20438;74.766098;47.14571032;40.7962;64.517;35.483;2.210470455
19.85627;102.495496;58.48095799;65.348;63.531;36.469;4.704044408
33.854721;35.862285;35.20044249;13.1262;12.452;87.548;1.319421526
60.128161;18.643501;26.32058444;5.541;14.486;85.514;1.024085617
46.818188;8.227512;21.87746951;3.2754;26.213;73.787;1.214963152
34.802075;38.996815;61.37447298;41.1662;43.145;56.855;2.375475933
38.861034;71.276093;56.68106233;38.9126;73.379;26.621;2.45540579
-6.369028;34.888822;87.65744413;121.0462;69.804;30.196;5.527593894
15.870032;100.992541;25.32202235;44.6664;52.057;47.943;3.092249093
37.09024;-95.712891;28.7217567;27.0666;18.723;81.277;0.96470557
-32.522779;-55.765835;34.1303027;57.2492;5.017;94.983;0.519327223
41.377491;64.585262;42.80088414;18.0354;63.783;36.217;1.65858929
-15.376706;166.959158;63.23478027;44.1226;74.492;25.508;3.478995318
6.42375;-66.58973;43.94305443;80.2826;11.106;88.894;1.451382245
14.058324;108.277199;32.8949974;37.0902;67.691;32.309;3.052769862
4.535277;114.727669;33.15297043;21.4452;23.439;76.561;1.908280568
42.733883;25.48583;20.76871536;40.3382;26.7;73.3;-0.109810832
12.238333;-1.561593;89.16277623;112.6558;71.814;28.186;5.958066477
16.002082;-24.013197;46.96761926;74.1528;35.873;64.127;2.424879814
12.565679;104.990963;50.18597701;49.9346;79.681;20.319;2.546734794
49.4491198;-2.342035064;21.79636187;7.6044;68.729;31.271;0.758261817
-35.675147;-71.542969;30.23193507;48.7144;10.825;89.175;1.28410315
-4.038333;21.758664;91.22722332;123.6202;58.539;41.461;4.407079606
12.43031067;-68.99480617;28.61342575;34.9932;10.463;89.537;1.004835565
35.126413;33.429859;23.99369995;5.2794;32.867;67.133;0.897119722
49.817492;15.472962;21.46963671;10.5782;26.94;73.06;-0.042078036
56.26392;9.501785;26.75836897;4.2776;12.676;87.324;0.625526869
18.735693;-70.162651;48.39193934;99.5292;22.918;77.082;2.599088726
26.820553;30.802498;52.45556032;53.5396;56.975;43.025;2.307797051
-29.609988;28.233608;61.86029573;91.3852;73.729;26.271;3.207266304
55.169438;23.881275;21.4857358;12.8092;33.446;66.554;-1.087106721
22.198745;113.543873;15.92656182;3.6826;0;100;1.828586444
41.608635;21.745275;24.4503744;18.4472;43.019;56.981;0.196729073
17.570692;-3.996166;95.24115302;177.1464;61.637;38.363;4.998947365
-18.665695;35.529562;89.58370226;148.1392;68.331;31.669;3.612316546
17.607789;8.081666;106.8675876;206.045;81.78;18.22;5.310873277
-23.442503;-58.443832;49.20431635;59.1124;40.826;59.174;1.74320541
-9.189967;-75.015152;43.7514902;50.9086;22.046;77.954;1.774026631
18.220833;-66.590149;29.26836498;45.0884;6.324;93.676;-1.332388342
25.354826;51.183884;17.69932158;11.2884;0.939;99.061;4.278344769
38.969719;59.556278;42.24175039;17.3494;50.65;49.35;1.954487847
1.373333;32.290275;99.1232216;120.7472;84.563;15.437;5.367109806
48.379433;31.16558;20.47987001;26.419;30.726;69.274;0.064319044
23.424076;53.847818;16.07461682;28.4394;15.019;84.981;1.322024137
55.378051;-3.435973;27.18318448;16.7186;17.908;82.092;0.950859735
